text,target
@ZinaTrainer @Gerrigge Thank you ,1
For #followfriday: some newbies! @fsuwrestler222 @BobbyFronrath @pablowbest  @cgazzia Welcome them! They need some Twitter lovin'. ,1
mmkay. so monday=johns last day end of courses this week. then john graduates then exams. then summer ,1
@HOTTVampChick no  no more unless I win irvine tix or break down and go to another concert,0
@foxandfriends  Gmornin to you guys from Chicago ,1
@MikeOrmond ignore last tweet... vs2010 beta1 available on MSDN on 18/05   http://blogs.zdnet.com/microsoft/?p=2769,1
do my facebook quiz!  see how well you no me     http://bit.ly/27Jzh,1
eaten way too much junk food. feel as if i'm about to explode! not good ,0
@CashCapone now cash u kno I'm not a hater.....jus upset I don't have my update yet ,0
Just spent a frustrating 3hrs getting 3.0. Does anyone know how to get my apps back in line? They are scattered across 11 pages ,0
"LiLo might be looking for a british best friend, i wanted to be Paris's But they said i was to young  boohoo",0
i made jiffypop because we have a gas stove here. only to find out it is loaded in trans- and saturated fats  i opted for triscuts.,0
dang i thought the Jonas Brother's were done performing but there was more. Dang i'm an idiot.  i guess youtube.,0
school over in 4 more days no more teachers!! Grad on wednesday PUMPED// crystal palace tomorrow going to be fun ,1
...And they cannot.  I wish i was in Las Vegas with my sister. I miss her.,0
@DIVACANDICEM - Candice i dont mean to bother you but im really sad that u got released! ,0
I really want to see Boys Like Girls tonight! ,0
@jemappellekim it all got a bit messy. When are you back in Melb? Just about to board flight to Adelaide ,0
@jendavis I understand! I've put 70k on the car I've had for just 3 years ,0
the weather on the regular in the bay. a day where work would be perfect ,1
@Somaya_Reece very sweet  I just DM'd you,1
thinking of this problem. i dont know whats going on actually. ,0
"@revdal @fibrefairy I keep dropping (un)subtle hints to @sjrdouglas, but I'm not sure that she's hearing them ",0
@imsoblazedrtnow sorrrry poohh beaaarrr ,0
"Haha funny Nadal is on the trending topics  He's such a great sportsman, Spanish best for sure!!",1
@MASHUPFACTS u listed some great mashup artists there ,1
Good morning  ,1
Cuddling with Sammy before I leave him until Sunday  My baaaby!,0
is off to go and watch jaws 2 in my room so no internet damn ,0
@anniegxxx can't think of him that way any more  or at least I try not to LOL,0
"doing what i do every monday, watch wizards of waverly place until 6 ",1
Loves Her Uncle @CrownEntLindsey Frankie For Get'n Her A Hotpocket! ,1
@sherylpz HAHAH HEY BITCHO!!!  AWW. I KNEW YOU MISSED ME KKX. ,1
"@susanbeebe Yes, these addons can cause problems, been there, done that and removed them again ",1
says its a good thing that my Plurks are connected in Twitter.  http://plurk.com/p/117nfg,1
@iamdiddy  This song makes everybody feel better! http://bit.ly/123Xnb  - Blessings and peace to you - we'll be here -  ,1
"is tired of putting forth soooo much effort, and getting nothing in return. ",0
goodnight world.... goodnight eddplant. ,1
"@GreyEyes No FF for me this week as Im only working half day and no iron  and, Timeonline is due by noon today (Sat shift is on this pay)",0
@StampGarden PRETTY! I hope I win  ,1
needs heLp from a wordpress theme expert  http://plurk.com/p/ywsk3,0
@dannywhitehouse That last message wasn't a dig ,1
My poor doggie just had surgery and he is in alot of pain  but we saved his life.,0
@ChrisKnight - Did you ever decide on your license plate? (and I support your decision to lose weight  and be healthy),1
@SaraGwin a home one?  That works?  More info!! ,1
@IamCROS1 I believe so..see you in a bit ,1
@fhgrl33 also a good one!  Too bad she's done .... for the season... ,0
"Pink and Yellow or Blue and Brown. Can't decide. Or should I got with Purple and Yellow - Lakers colours. Omg, ",0
Waiting for the call.. Nervous.. Anndd I wanna go back 2 sleep. Gotta work tonight ,0
"Oh noes. I just found out why Cons Skate shoes are so hard to find. Financial issues, and bought out by Nike. ",0
Omg i want food! I'm gonna be here forever. ,0
I guess alls well that ends well...I'm still single for the record lol. Leaving Cleveland will be bittersweet to ,0
"@maleghast What can I say? I started early.... and yet started late, as you know ",1
@uhhuh143 Your very welcome. ,1
@mcflymusic say happy birthday nanda to @nanda_marinho please ,0
I'm tryin to play hookie from work but my boss keeps callin my cell!! LOL! ,0
At the diner ,1
"I miss my friends, I miss my family, I miss my old town! i wanna back home  i dont wanna be here",0
@wiseleo WOW that's more than a little color! ,1
3 words = Weather - Shite - Arrgh!! ,0
Also doesn't help that it is an absolutely gorgeous Boston day (mid 70s) AND @stacey_a_allen invited me to her sister's grad party. ,0
OHHH I hear Across the Universe playing in the other room.... NIGHTERS!!!!! ,1
Very fun weekend and today was beautiful at the game with fam  can't believe the weekend is over already,1
watching celebrity appentice and hoping for annie too win ,1
Only 1 hour 50 minutes left of work  Better get back to it then ,0
so so burnt ,0
@tromboneforhire nooope  its long gone. getting an iphone soon,0
*bursts through the Twitter doors* Hellooooooooo!  ,1
@victoria_tweed opted for a corona - it was a mistake. my headache just got a million times worse ,0
Watch &quot;UP&quot;! You'll love it!!!! ,1
redoing work is THE most depressing thing iv done all year   swainnyyy needs a hug,0
@asamidori i guess it's painful grinding for me then ,0
@dietzel Glad you enjoyed it! Thanks for joining us! ,1
Work is lame got my computer back but still no internet.  Come on ppls work with me here. ,0
BEER!!! It's whats for dinner!! I wish you could watch people workout and get the same results? Oh well! ,1
@tiddles_thecat Haha I kinda gave up too  Could you tell haha Lol,1
French Toast w/ bacon and strawberries for breakfast yum ,1
@gypsydancer13 wow girl look at that old phone in the pic! you look cute with bangs! HOW do you get the ringlets? not like I can do it  ha,0
"@gfalcone601 aww gio, you are such a cutie  i enjoyed the party lots last night sorry about the mess  xxx",1
@Domien I know the feeling. Hij stond je vet ,1
Dad having fever again.. Not looking too good ,0
@cathicks I don't get it. ,0
i Just Watched BGT! :o i Saw the Litte Girl Cry! :O omg.omg.omg! i Really Cant Belive it! im Sorry it Was So Fuuny Lol  x,1
Im mad im sittin here &amp; i wanna go to sleep but cant! uuuuhhh ,0
@iCrunchy I WISH I could do ap hwk ,0
@OliviaVZ YAY!! You got a job! Congratulations! So happy for you ,1
Not feeling well today...I've been having stomach pains a lot lately...might have to swallow the pill and actually go see a doctor. ,0
won tickets to see the jonas brothers (: ...but of course I can't go ,0
@munkimatt yes but I can play while I work with this iPhone!! I smashed my screen on sat  ok add me in facebook!! Lady Vivienne McCourt!,0
Taking my sister to the airport ,0
@wimjimjam yes yes yes... stupid people  UNLESS it's my twitter use? ROFL...but I use wi-fi at home :/,0
Too much taste for Whores. lol ok i cant make it i need sleep .. hope i wake for work ,0
@gaudet2 I could tell the shading  - I didn't get any color  m/b the dolphin one I want to get - like that pic in the vid of my son?,0
Reading tweets 'till I fall asleep... have a toothache ,0
@BrittD20 mm...and the money is good ,1
"Sunday night, getting ready for bed and a full week at work ",0
@Alegna75 Morning Nookie AND Swiss cake rolls? Can we switch places for a day?? ,1
Rahman's performing 2row in Pune. But I will not be able to make it ,0
@barski I keep hearing about this cupcake update. I'm not sure what it means but I would like mine with chocolate frosting. ,1
Finally home. Great times wit my cousin and Shireen  hope no wakes me up early.. . . .  night/morning ya'll,1
grounded ,0
@isacullen Well shoot :/ I missed you too. I was craving my compy  So should've stayed home.,0
Just got on to do college work thinking bout my baby darnell. ,0
omfg why am I working right now? ,0
"@Hoops_angel Yup, sold out...I tried to get another one last week and all gone  Still looking round but nothing yet.",0
after lunch dip!!! Had STEAK again! On a sandwich this time ,1
How did Craig Miller find me on Twitter???  ,1
I need dinner but I'm still waiting for a fax from work.  Also I have no food. Attn! Need partner who cooks. I am inept. lol,0
-such a Beautiful Day already..!! Tgif ,1
Why isnt anyone tweeting ,0
i wish we had more home movies... everyone kind of gave up on them when i was like three ,0
"im soooo bored right now.,.,.,!! ",0
admirin da French pedi I gave myself 2nite ,1
I.....want to.......go........home........ ,0
Chilling at home ,1
@EBBSBABY lmao ha windows in the back &amp; the bitch dnt have steps ,0
@suppmindy hey ,1
once the concert stories start rollin in I might have to go into hibernation ,0
is done with the grad party..now after partyyyy owwwww  smh we still got to clean.smhhhhlol,1
workin the graveyard shift ,0
need to lose weight ,0
@gheelovesyou ...but his booty still looks great ,1
there was moonshine involved in that last tweet  happy 2 be with @moonspi @rosenzweig,1
@jeffcrabtree follow me follow me  kavita,1
@goodlemax hee yepp i have to go to cottage soon  grr.,0
"Off to Sardinia, looking forward to one week of holiday  #sardinia",1
my nose has slowly gotten more runny throughout the day... am I getting sick? ,0
@Doctor_Death Well I'm impressed with your technical skillz ,1
"is goin to bed, nite all  2mrra's a new day...thank god!",1
@chrxs ive looked for days  this is worse then the porn they made for senior citizens..are those new slacks?,0
Watching becoming jane with kimmy ,1
@mitchelmusso I can't buy the album. I'm sad.  Reason: Australia. Need I say more? Congrats tho and all the best of luck!! &lt;3,0
i hate mornings. Even friday mornings. Wish i wasn't so tired.... ,0
my mom was just asking if i could work w/her on fri....so now i'm not sure....... ,0
"@Betmenko Thanks for following, followed you back.  Great to have people follow you on Twitter. Makes me less dull, LOL! Haha!",1
"@teufl0302 @SteveBrunton Sweeties, i gotta go... Having dinner and eating lots of cake with my mom ",1
@xjaelee19x oh bestie..i admired your attention .but it's really hard..i'm so busy..hope you understand..  ,0
@eedawson It's not gonna storm!  because I said so! ,0
"@Brendacopeland Love it. Twilight Zone, episode &quot;How To Serve Man.&quot; One of my favs. Even The Simpsons did it.  ",1
"My dad wiped our comp hard drive cuz hes weird, so i cant watch buckley on blogtv  34 more minutes  &lt;!itsabby!&gt;",0
@torr13 thanks so much!  how are you feeling btw?,1
"@tommcfly hey Tom, I'm waiting for you back to Brazil cuz I didn't go to your last concert here  are you coming in October?",0
@WIGGINSCC  time can stop or slow wayyy down ,1
@shadowfaerie ahhh i'll be driving to pick up hannah wed.  ,0
off to school. Tech. And geom exams today. :/  Wooo early release ,1
murdered Margaret Paige Turner...@ Whodunnit Murder Mystery Dinner!  too much fun. &amp; can't wait for 180 mission events! woohoo ,1
@Emskydoodle http://twitpic.com/6qg2w - so cute ,1
@thedistraction im seeing mewithoutyou that night in NYC otherwise i would go ,0
is sooooooooo sore...like everywhere hurts ,0
@calvinharris  catch you in B/mouth in October !   Southampton's better tho' ;)!,1
Going over to my sisters tonight. ,1
@turpentine2009 Oh gosh... &quot;Back Here&quot; another all time fave of mine! U are amazing... just sayin... ,1
What a beautiful day. Hope its like this the WHOLE day ,1
3 short ,0
Just finished the first day of training with Sir Manci. Learned a lot today and the training was great. Back to work tomorrow ,0
@DanaeNicoleRudd no of course not u want to make it on your own so it feels even better when you do ,1
17h45 - @GoodKarmaBlog courage !  about 1 hour ago from web in reply to GoodKarmaBlog,1
I'm helping my daughter with her project about JK Rowling.   Hope we get a good grade!  ,1
@youcollme  I  was going to mention that you probably forgot  but the msg was just too long. I'm jealous you dreamt something wonderful ,0
Goodmorning ,1
this flat hunting malarky is rubbish ,0
I didn't get my free coke glass ,0
@richdirtygirl  slides show with voice I hope ,1
@emmmaj good song ,1
@just_J_ i love bobby longs music ! Although i can't find it anywhere to download it ,0
WTF is going on with the Chiefs? Getting smashed at the 1/2 way point of the S14 final ,0
June is now looknig like its gonna be a perfect month for gigs ,1
"Thanks to all my fans, however few, my work wouldn't be possible without your amazing support  xx",1
Everyone get excited...it's free donut day!!!!! ,1
@aspo1 good morning ,1
Giving out free food! Yum. ,1
"Just had a nice lunch with Lisa. So many folk sitting by the river today, it's lovely ",1
@JefferyPatch LOL definantly not hot haha. And I would for sure cry if u kicked my unhealed boobs ,0
About 80 degrees and sunny here today... about as nice as anywhere in the world. No hot horseys here hahaha ,1
"GD afteroon my fellow twitters tis a beautiful day n i hope we all gt are summer swagger on, lol ",1
Ugh my mom took away half the cable ,0
@jraimond  That sucks ,0
not feeling so good anymore after that ride ,0
"just got back from off roading with the fam. completely exhausted, but happy ",1
@andyclemmensen heyyyy  you are radical xD,1
Question: should I stay with red hair or get rid of it completely and go blonde again?!  please @ reply!!,1
Shit! I lost my HK debit card ,0
@alyssalovesm ... Am all good ,1
who's Andrew marr? he's on the top trending topic at this time. ,1
@pwbbounce uh oh  but is that not good? its not got a hidden meaning or anything that i dont know about has it?,0
@brianwelburn: Michael Foot ( &amp; mouth ) !!  hhaha yes very in at the mo,1
Heading to AIM to get my test done and then driving back to SD. I don't wanna leave  But I'll be back up tomorrow night!! Love. xx,0
@beezan I've to admit..... I did a tiny bit of shopping. Whilst of course spending most of my time doing cultural things ,1
@stephcotton you're gay.. ,1
Chicken fried steak and a beer on sunday morning with extended family on a beautiful day  gotta love it,1
I am helping a good friend get setup on Linkedin  His company is in the process of layingoff. ,0
http://twitpic.com/6vvk2 - My new snowboard! Oh it's so pretty... ,1
Need To Start Revising Physics ,0
"@rustyrockets i think, mr brand, that u at least owe us a few tweets after abandoning us uk girlies for LA  xx",0
finshed exams  and off to oxford to celebrate!!,1
No internet at work  I can't fix my resume and email it to the new spot,0
Only problem is that TIFF files can't be larger than 4GB ,0
@hardik that's one of the downsides of my job. no stock dealing shealing allowed!!! ,0
@TaviGreiner ugh what a pain. It has happened to me many times. ,0
"Yes, I am ",1
I'm extrememly lonely right now! Everyone is out and I'm stuck here doing Maths revision...against my will! Boo! ,0
Haha I growled at my dog and she tilted her head and gave me the 'wtf is wrong with you' look then walked away ,0
Still not feelin' this Tweeting thing ,0
Im up. Im throwed. Im lovinn my new followers ,1
"@torilovesbradie definitely, or even just &quot;i'll call you&quot;, they never do  how was ur day? xx",0
"@Trevorjpearson Wow, I guess you are cool afterall ",1
Shopping with sis and Alex... I don't feel like shopping when on vacation ,0
Im having weight issues  im upset and scared. [AyshiakiAyana],0
"@Mr_SOS thanks, always nice to start my morning with my husband putting me down   ...... j/k....... sort of ;)",0
"@Hybrid911 ouchies! i never liked suncream...i gave up using it a while ago, haha  hope ur sunburn gets better soon.",1
@anrserge Cavs are making me sick Serge  if they dont win umma kick Bron where it hurts!,0
I have no idea who those blokes are  @DCbigpappa @dandyscopic  @wrhunt @downtheticket @DCBadger @jwtrautman  http://pikchur.com/aD9,0
@ashleytisdale so excited about your album coming out soon! ,1
@tommcfly Take a photo of Danny pls ,1
leavin the r-side soon... i'm actually gunna miss it ,0
Out at dinner with the family ,1
"@crazydiamondsi Eh up you  We are talking SAAB 9-5 se, estate too. Had to get a 2.0t as insurance wouldn't touch Poppet on a 2.3t ",0
bored yesterday....bored today....bored tomorrow....... summer :/...... where are my friends!!!!! ,0
Just attempting to watch Quantum of Solace again after leaving it disappointed sometime ago... Yes it is as crap as I remembered ,0
I want to go back to sleep. It would be nice to have someone to bury myself into.  I hope I will have that again soon...,0
Omg my bff just said he wouldn't kiss me @NasVegas ,0
Thinking about a name for my Etsy shop    Any thoughts??,1
@JudahGabriel i wish i had that much to say ,0
"drinking wine from the bottle after playing some DDR, chilling with my broseph and listening to music ",1
"Sitting at work, waiting for the Receptionist to get off lunch so I can go to my dental    I hate it!",0
Chillin ,1
Morning twitfam! On the way to LGA airport for my flight home. NYC was fun!  but I'm sleepy!!,1
@itszikki yooo.. im goin to sleep.. call my cell real quick if you wanna  i love you and miss you. goodnight.,1
@FaketragedyCom i know ,0
"just woke up, ive been asleep sine 4 hah. i dont feel good  &amp; the people i used to steal internet from, moved. so text (: instead of m ...",0
@surfygurlx cheer up ,0
"@f_nadzirah cant sleep,go online! hahaha @bobbyden and @faidchong misses you too ",0
@SteveStucker I am lost. Please help me find a good home. ,0
Boo!! Just got to school n my phone only has one bar left ,0
@doshdosh sadly nothing is safe from spammers and/or marketers ,0
"heard an amazing band tonight at open mic night! Waldon Lane! They will be back next week, ya'll should come out and take a listen. ",1
@CatBickmore Unfortunately Miss Bickmore - me doesnt have iPhone  So couldn't tell thee.. Isn't settings at the tim next to FIND PEOPLE?,0
@YoungQ Hey! That's craziness! Always something going on when you're on tour! ,1
@hugith I was encouraged by an old EOFer (whom I respect greatly) that I should dump EOF and go with Hibernate...I just couldn't do it. ,1
@bboop22 yeah i thought he'd really be a problem but he ended up helping us out in the end  big j did with some dumb b*tch who,1
"BURGER KING = LOVE  am i the only one that puts fries in my burger and it the crust around it first? People, are looking at me weird :|",1
"No hangover tday, after a 12hr session, yay! Lol... I wana do it all again ",1
My throat kinda hurts ,0
working on arts ,1
@jackandrai Please tell me you got a BlackBerry. ,1
owwwwwww damn my brother smacked my back and i have a slight sun burn on my back lets jsut say i got even i smacked him in the face ,1
@Jayme1988 ah bless craig... I seen some the other night on E4 bb docu... i felt really bad for him... ,0
@Mnemosime no not at all lol. I don't really mind either way. Misha can deal with slashers soooo it's okay I guess ,1
Riding train to work on a dreary Monday morning ,0
"@geekrebel http://twitpic.com/7j5mc - He looks different from yesterday, sure you got the right baby  love the name!",1
"@darlingnikki08 I'm fine thankyou, apart from a bit of hayfever   How are you doing?",0
"@timTech You mean besides JMay (x5)?  Paul McCartney, James Taylor, Jason Mraz, Amos Lee, Mason Jennings, etc. and Death Cab in 19 hours!!",1
@pcfhjeff I just downloaded your EP and I really like it ,1
@xPowxBangxBoomx dammiitt!! i wish i had MTV ,0
"@eleanor_pugh You're welcome, I'm glad you liked PULVERHUND  The Broken Family Band are duly noted, thank you. Good luck on your exam!!",1
gonna knit a felted heart toy for mum for Mothers Day. she's so great (not really) she loves anything i give her  luv ya mummy,1
@metawops It depends on how much followers you have... ,0
Them` long` nuong ,0
Yeah. It's sad. ,0
@zerbetron thanks for my first true LOL moment of the morning &quot;refried ass&quot;--can you still get that as a side dish at Taco Smell? ,1
doing disk cleanup so that i can save a measly blog header ,1
"@dinnerlove so am i, and i dont know how to stop it... its been the WORST food too ",0
"@lorraine_p oh, maybe...? Good excuse ",1
@erockett89 i wish i was home in bed naked ,0
@Trucco905 yeah i have these extra strength things my mum takes for her leg! and no chemist will be open when i go... god! ,0
http://tr.im/ly6O who didnt hear yet the song that wins last night the grand prix eurovision song contest 2009? here you go ,1
@johncmayer NYC misses you too! we will be waiting ,1
@beyoncatweets How awesome? Lol... I guess they were good but it could still be better ,0
@BabiiBecca yeah idk im supposed to go back to escuela and do something but idk how long itl take. ill let chu know tho ,1
"@duanehoward Hehe I have original Win 3.1.1 floppies, and original Win 95 media too, if you ever need them for something ",1
"I'm up early, I wish I was going to bamboozle! ",0
http://twitpic.com/6vt0m go Cubs go!  he needs a name...,1
wishing i had marvelous misadventures of flap jack on DVD ,0
Super annoyed. I wrote a blog that took me 2 hours to write. And its gone now and i didn't get to save it. ,0
is LEGALLY BLONDE ,1
"@peterfacinelli I just got a screencap of your followers at 496,000 or so... OMG you're either so close or Twitter is messed up again ",0
@TferThomas  We are both following and I don't think I have seen him online lol ,1
ugh sO far day has started Off bad  hOpe it gets better,0
Hmm. Someone popped out of nowhere and asked me if I was crazy. LOL ,1
We're getting violent.  Program randomly decided to hate us when we took a break to get food ,0
@Dani82 sorry  to hear about your friend ,0
"i am on sofa with a migraine, ",0
"Homemade chicken bake, good friends, and awesome herbs  what more could I want?!?",1
@JessicaCorban thats good to hear  keep in touch babe!,1
@ivebeenabadboy lol thank you. ,1
@thomasfiss i have a snoring pug puppy in my lap ,1
Kirsten is never up in the morning. And i think she is mad at me ,0
Everyone's talking about the goodies at #BEA09.  I wanna be there.  ,0
What a wonderfull weather outside in Kristiansand today! ,1
@MomoFali that sucks ...sorry not that it helps ,0
wake up early tomorrow . ,0
escuchando the killers ,1
Nope... didn't make it ,0
everybody wish @Kate_Walsh_  good luck!  i am rooting for her for sure ,1
busted out of CSPC event #2 in 830th place! (out of 1900) this was the biggest tournament in history outside of WSOP! glad to be in it! ,1
@HelloEli exacly ,0
@riellaelise OH MY FREAKING GOD I HATE YOU ,0
@XxHayXx0 yay! isn't he though??? i want the pants. for all myself ,1
going to the mall to look for a dress. then alexis's sweet 16 party later ! no cell.  ,0
@babygirljer I know   Yoga at 4:30 pm today? I seriously miss my amazon!,0
"@MaxPower_1 Haha, I actually hate those bots, but that's pretty informative ",1
@Solerunderwood thank u!!  i was SOOO shocked tbh! awwww im sure u were good in chem ;),1
Taco mac with carls ,1
@kaylajoysmith it got moved to monday.  sighsigh.,0
http://twitpic.com/65zqp - winter formal! ah great times ,1
@Sunnywithbiss we got the the party with us-us-us-us-us-us-us-us-us-us ,1
CellBazaar plug-in for Firefox on your way soon ,1
"well i just got done getting readdyy, now i'm gonna go eat some breakfast. with bridgette tonight! &lt;3 text me pleasee ",1
"@GimmeTOKYO that... Actually looks pretty cool, I wanna play too ",0
@tomasekeli I agree...kids get so sad when they're sick. ,0
What a good night of just hanging out and not really drinking. ,1
My throat is still soreeeee  I can't wait until this is overrrrr,0
@GeezusHaberdash Awww   I told you when I would change it. I suggest you try to get in touch w/ Dre's people. LOL,0
"@johnhood Sadly, Bruce Wayne wld never rock up to where I am! Re: macbooks. Nup. I'm grunge geek. Dell XPS M1330 + Advent 4211C. Cheap! ",1
 This mood is more shittysweet then bitter. At least it's FINALLY gettin fixed. UGH.,0
@NicTomTom Towards end July? Should be out of plaster by then  Name? Hmmm...,1
@DembyMalibu *waves*  check your DMs,1
@AnaRevenant i still haven't figured it out lol ,1
@khaled74 Dude I wish I could come up. This weekend sounds like a blast but I have so much going on. ,0
"sending mails, arranging meetings - hopefully something good will come of it too ",1
@chuckoy yes. because i wake up at 10. hahahahah. ,1
@rbrtpttnsn did you like being mobbed by that group of girls  lol,1
Work sucks when your here all day ,0
Holy sack of potatoes ... lets graft mense !! for all the ladies shake and bake ur cake and for the oak's sssnake  Show Love baby !!!,1
still hav my cough! now it mite be bronchitis!  bec everytime i cough my chest hurts! so dont lik doctors...,0
wow! could this get any better ,0
I LOVE living here. Makes the depressing winters SO worth it ,1
"@pjraval They searched my person, too. One grabbed my stomach under my sweater. That's what I get for wearing a sweater in snowy weather. ",0
i think i have an eye infection ,0
@mully Really nice. Thank you very much! ,1
finished my timesheet for the weekend.  20 hours overtime not including what i already had or will soon have ,1
"?????????????????? I just made sushi, and it is delicious! ",1
the Tonys are tonight. I want the little boys from billy elliott to win stuff. just saying. I'm a broadway nerd ,1
"@jimmietryon My 62-yo neighbor uses Linux for simple printing, email, web. No CLI needed. I use the CLI 4 shortcuts, mostly. ",1
@yelyahwilliams relatives in NC eh? that's my home state. ,1
i really need to vomit ,0
@Mediamum Good morning! ,1
"Please don't leave, Tevez!  I rather dump Berbatov to be honest. a lazy player with 30 Mil tag. http://tinyurl.com/oddnpu (via @MUFCNews)",0
"@Dansharon - chilling here, have to get back to chores ",0
"@ruchitasaxena Hi. Arun Chitnis, CorpCom drone at Jones Lang LaSalle Meghraj. Good to connect with if real estate is your bag ",1
Now in line for the famous Leng Kee Beef Kuay Teow! 11ppl ahead of me  But fr experience it's always been worth the wait!,0
@Sam916 oh no... no class today. i just hung out with an old friend from aau and it was just a waste of time. ,0
There's a party in my Tummy ,1
work was horrible. so damn busy. why???WHY?????? sore now ,0
"@muchmusic , are you kidding hands down JOE !!   that video made me laugh all day , i love him ",1
My exams just started  Boring.,0
@Joejonaslooover yeah  both were really hard i thought..,0
@hughsbeautiful How did you ge 3.0??  I can't get it yet... This makes me upset... do I need to get iTunes 8.2?,0
@Raysa haha! you are soo right.   and... look where I am.,0
.miss the hubs love sex. ,1
@Ying_Mei I'm in my first year in the university  studying to be a lawyer. And ya?,1
so far this weekend has started off amazing! Next:  seeing Up in 3D with my Jonathan ,1
"Im in da library, noelle and Kayla and connie just left. should i? maybe cuz im really bored. noone 2 chat and laugh with. ",0
I accidentally broke my vow 2 not kill any living creature the other day. I stepped on a snail  that was my 1st kill in 2 mnths.I feel bad,0
watching leah and the boys play with the trains...easy day only 2 kids ,1
"Woke up, killer soar throat  It hurts soo bad, i need some tea.",0
@kingsunshine make the most of it? Over too quickly! Spending mine mostly walking..hope it stays fine!  Enjoy....,1
packing up my room ,0
@OrganicLisa WELCOME TO THE TWITESPHERE! IÂ´m leaving the Galapagos today. Sad  That does mean one day closer to seeing you again though!!,0
Whew my body is mad about tha workout... I think ill nap when I get home. Its still raining ,0
i want someone to cuddle with right now. ,0
@shaundiviney i fucking missed my call! what happens then ,0
Home from the AWESOME Eddie Vedder show.  Wish I was going tomorrow night too ,0
out to partay with my besties  and my fav bb!,1
My head isn't healing well it feels that way ,0
Looks like I won't be getting operated b4 my album release   Gonna surprise my pops at work and have lunch with him! Happy late Dad's day!,0
Home from work... Was missing my maddie bug   Now off to put clothes away and make our bed!!! Maybe sleep in it tonight!!!,0
watching &quot;Marie Antoinette&quot; tonight. Glamour Galore ,1
Crap Steve Jobs had a liver transplant???? Oh man thats not good  LOL,0
"@playgroundpilot koplak, keno virus yao  mosok dibusaki tetep 0 bytes",1
"worse than i suspected, she was so disgusted in me, she wouldn't talk to me, i had to talk to the dentistry-class-taking receptionist, ",0
Sending angry vibes to the individual in a blue vehicle who hit my car in the QFC parking lot on Broad and failed to leave a note ,0
"@Timaay You're welcome....even if I sadly sing it off key, it is sincere! ",1
just  watched  the movie miss poter   its  a  nice  movie  ,1
@TheSims3 My friend and I are going to make a TS3 collage today! I picked up a whole bunch of flyers last night. ,1
At work my head hurts a little due to my neck! I hate when I sleep wrong! ,0
@mwahmwah_teh Oh that's awful  I hate when you trust someone and they hurt you so much!! Grr!,0
Am getting fungry watching Food Paradise's - Sandwiches eps! Gahhhh. Me want ,1
@alyciaolson Hi Sweetheart! Glad you found me on twitter! Whazzup!? Hope you are sleeping well and &quot;tweet&quot; me again tomorrow! Love you! ,1
Showing my mom twitter ,1
i hate sundays ,0
@tommcfly oh my.. Busted days. we miss it too. :')  I'm glad you played with JB Tom! ,1
@DonnieWahlberg Morning! Will you @jasonjmikemgmt be giving out tix to houston as well??  i want 2 make the trip &amp; there is sh*t left! ,0
@DaedalRogue that makes me sad on so many levels  but I'm glad I'm not you and going partying instead ,1
@Mollzy sorry I didn't see it  Message Jillian and Ill explain,0
"I just said goodbye to some friends  Hope I'll see them again. Tomorrow, Sweden!",0
t smells like summer outside.  i dig that.,1
http://vibejournal.com/jessica_art/ needs a new home ,0
"@sueissilly Thanks  And I did, relatively.",1
Now I'll NEVER win the Hair lottery ,0
Le sigh @ riggens that make easy shit hard ,0
@DarrenRoberts I swear you do it deliberately ,1
cooked chicken soup for the rainy weather ,1
"@riskyrevenge Wait, what? Sick? ",0
@selenagomez your song with forever the sickest kids is amazinggg its my new favorite songg!!! ,1
@wloveaffection aww thank you nice lady!  ,1
was riding...nice...maybe iï¿½ll learn it someday  i love sarah...and jason mraz ,1
#inaperfectworld I would have one last chance ,0
&quot;Binthia&quot; is serious now. She hot really quiet and looks mad tired. Kinda feel bad cuz she had to drive after only sleeping a few hours ,0
Hey Debby or any body else...can sum1 talk 2 me right now??? ,1
@DonnieWahlberg: What happened to the Asian love on the unofficial video? I guess mine didn't make the cut. ,0
@SuperKaylo where is the monkey island interview I can not find it  http://myloc.me/5zQG,0
@BlokesLib Wow... I was just thinking of the time difference between us! You've already lived my tomorrow ,1
"http://bit.ly/5PPdT  if they don't win i will ,,, CRY  lol just kidding but seriously they have too!",0
@SherriEShepherd nothing like tradition handed down ,1
I can't stand to watch this ,0
"@EsmeCullenRPG @AliceCullenRPG Off to hunt, ladies! See you later. (OOC: doc appt and work time  I'll be on around 4 my time!)",0
Ah so next weekend I get to kick it w my boys @pacha for my boys 21st fuck yeh.. Normal life ,1
"In school on my phone again, just got a top up, so warm! Too tired ",0
@khyrinthia yup!  You can try it out on the t2t discussion blog,1
does not like the heat. I think I have been bitten and I can't stop sneezing ,0
@embeep sorry about your sadness  I'll be home next weeked. we can faff about and stalk celebs on twitter,0
@Teanah So how were the booth boys?  Anywhere near as good?  Did they have an anatomically correct Sam Fisher?  ,1
twishTJ can you speak german ?? ,1
just finished watching Once! downloading the soundtrack now ,1
@TheStallion well done  n yer welcome,1
@MisterNoodle Smooches to ya Noodly!  ,1
life is too short to regret it or take it seriously so enjoy it !!  ,1
"Okay, apparently I DIDN'T miss the deadline for JB m&amp;g's, but it would be kinda lame to win, I would feel really bad about it. ",0
@ysdw Thank-You. ,1
@rubyzuby I liked your name ,1
@themaguire yuppers!!  how was ur day?,1
@Yurechko YES! Give me some domain love too! ,1
is riding her horse!! ahh i missed him soo much!!!!  p.s. go see the star trek movie ASAP!,1
@AskWifey I did and thank you for asking. I feel like I've waited my whole life for my what's going on with me from all aspects.  &amp; you?,1
"@RuiDelgado I'm really looking into it as soon as it finishes.  Saramago played by Hollywood and having great reviews, that's a must see!!",1
Thinks he's getting sick ,0
@TreeYourWorld shame! and you're so close to launching  oh well the munney grubbers come out when they see a good thing like the 'your',0
Legs itchin me. Madd sleeping. Busy like crazxy this week. Back 2 dividin myself up with friends n fam  .. c u weds/thurs hunny ozzy =D ..,1
@corxy it's wonderful! ,1
This is the awkwardest thing ever...he is weird bekki  and needs a shower haha,0
"Keeping my friend and her children in my thoughts today, as they mourn the loss of their husband/father who suddenly died yesterday. ",0
I am beyond exhausted today.  I have absolutely no motivation to do anything. Plus a nasty headache. ,0
@nadiaparry bet your loving the you time ,1
"@Schofe yes what a shame, Sutil is usually good in the wet ",0
ahhh noooo.....now everyone will know I'm gullible ,0
@_supernatural_ Hi ;) can u tell me if u have managed to mail them things yet? i have tried emailing u but with no luck ,0
"Poor Dyno  he's okay though, he didn't get flushed all the way!",0
"@lyssday I want a match, haha. I think YOU and Tyler make a great couple though ",1
yayy my fave cousin came to visit me in nyc! ,1
is watching big brother 10 ! ,1
A great hard training weekend is over.  a couple days of rest and lets do it again!  Lots of computer time to put in now ,0
"Lighthouse!  We got greeted by the hottie again this week   if he's here next week, I'm talking to him!",1
"@TomFelton can I have your energy level , please???  ",1
"Bay to Breakers in SF today... oh, how I miss those crazy days! Can't wait to see the pics my friends will post ",1
@mefries Hours lost in the parks   I am so sorry!,0
"@vickixashton i have.. 19 days left, and.. I Have 10 exams left! ",0
I got shutter shades yesterday and I'm still in L O V E with 'em! Yay! ,1
"Watching a progress bar go across the screen. Very, very dull and tedious. ",0
Out buying &quot;supplies&quot; for the river. Just picked up a floating beer cooler. ,1
@jaystewart o_O how could you do that? I feel sick too. Some undiserving person got an apple product. ,0
"@Jo6789 GP was great - perfect timing for us, too. Nice to have the Midlands teams doing so well ",1
"Just having lunch, chicken now marinading ready for Biryani tonight ",1
@tommcfly you met the fans on wednesday at hilton's bar. meet us! haha  i know you tired but we spent lost of money here just to see you ,0
"@missmissen Well no not really, but it still makes me sad! ",0
"Foolishly, I typed m*rketing in my last Tweet (but with an A, not an *) Now have a shed load of related bots (and/or twats) following me. ",0
Nobody has a tan here - I fit in with all of the pasty white Irish people really well. ,1
tonight was great! got to chill with soo many friends  ha ha! never thought i'd car pool this much tho.. or see so many diff' asians ha ha,1
@HalestormRocks what's up y'all! we've been rockin ur stuff here in OKC at da Katt! tune in at www.katt.com anytime! ,1
"plan for tonight : pack bag, go in bath, pop some pop corn and whack on a DVD ",1
"@MszErikaJ yes i will, what she says is another thing so just come lunch line yh. i am doing ALOT of work ",1
@lorrainewalker1 Lorraine want to say thanks for keeping us up to date  Nice having u as a friend ,1
@angeezyy why you hang out with those losers anywais? ,1
@ceejux: whenever i get the chance. I work and have no car ,0
@Victoria_LPF  Wahahahah  don't make me jealous!,0
Heading off to dreamland...been terribly busy day..more of the same tomorrow!  Hope you all have a fabulous Friday!  ,1
"@jnyemb oh no way, you can't do that! Sooo unfair ",0
dont like it when the tour ends. ,0
@danisanna oh wow! that picture is SO awesome!  &lt;3,1
@lizjuranek - i am pumped for neko case! you got me hooked and now she's coming to indy? wooooot. ,1
@MadamSalami Thanks for the #followfriday ,1
"@YourTheCutest nope, thats what i didnt get to have tonight ",0
Jean Michel Jarre concert tomorrow  gotta work 7-3 before though ,0
"@robomalo True, but I thought leaving you in suspense would be a bit more fun.   Mandy Forbus.",1
christian bale is something. ,1
my legs hurt from helping andyboo at village...but it was all in the name of love! ,1
@ScarletLotus I know baby ,1
@Kourdy hahaha... i'm going to work another shift just like it again tonight... it's only for the money ,1
"@DanggItsDevin hahar, whaaat concert youu goiing too? man yourr lucky  youu couldnt go &amp;&amp; not geht me anything ahar. ",0
Muted grey and greyish-purples with my guitars and framed Alex Pardee artwork on the walls. My room is coming together nicely. ,1
@IRe_laNd ,0
@cel_xox watch them fall... To their knees... As I lay I think I'm flat lining... ,1
cat nap didn't help ,0
"feels a sinus headache brewing, but can't take drugs.  ",0
@mileycyrus What do you do when you like a girl but are afrad to ask them out? I've never had a girlfriend yet ,0
!freebsd jails-ing make me rockers ,1
3 cheers for losing the cell phone charger cable ,0
@lolevo I CAN'T BELIEVE YOU WIID WITHOUT ME! That's what I get for leaving the country  I love you. You're gorgeous. I miss your face.,0
"@lotusas it meens that &quot;night can be long, but the sun will always rise at a moment&quot; (it meens crisis will &amp; must end one day) ",1
look out the window! Its June! Its my time ! ,1
@threelittletree bummer ,0
We finally got to view the film. Two thumbs WAY &quot;Up&quot;!  (via @melgrimes),1
@monsieur_rock The login/password can be easily found... good luck! ,1
School disco tonight  Tattoo tomorrow  15 days till holiday time   Few things to look forward to..,1
@prateekgupta i went n have now returned ,1
Today on my way back to S. CA. for the rest of the week.  Lots of work to do and see my mother ,1
@SmashMe_EraseMe aww lmao! Thanks!  It's an amazing song. &lt;3,1
@donzell I forgot to thank you for answering all my questions a/b that judgment earlier! It was fun &amp; i really appreciate it ,1
Why do I feel like a Mother? ,1
Is everyone for coffie? ,1
"wish a never got the daft tattoo, a canny sunbed  lol",0
"i hope i dont fail, i hope i dont need my palmcards to much i am getting off sooon to practice ",0
hmmm.... yummy! sarap ng homemade cookies! thanks gilou! ,1
yÃ¼rÃ¼ be  re: http://ff.im/3H41f,1
I can lose a lover but i cant lose a friend.  ESOTSM;,0
Geez I sound blonde... ,1
@crystalsinger I hope so too. French Prime Minister said we must prepare for the worst though and I fear he's right ,0
@bibzee Damn its gonna take a long TIME!.. ,0
@bridgetparsons church for us - are we the only ones going? ,1
"Tough choices: Pay my phone bill, or go to New York, unfortunately they are both the same price ",0
so we came in fourth place for trivia. oh well. ,0
"@julie_rickards haha - could be.  I heard it over the pipes on our bikes, which is saying something ",1
@YuliaKazansky he... most of the paintings I did before were result of huge arguements/discussion but right now Im painting some shoes. ,1
"http://twitpic.com/66wy8 - Just spilled water on my leg.. No, really! Its water! ",1
"Awww, my cat, Cody, is so fucking cute. He just gave me loads of kisses  then clawed my armpit, but that's beside the point ",1
Chronicles of riddick yes I think so ,1
@enrique305 Wow! 385 followers! I only have 41 ,0
@fromblueskies ESPN bought the football from Setanta ,0
@yuhas9797 you betcha! too bad i dont get fuse ,0
RK Narayan was so impressed with Mallleswaram and Basavanagudi that Malgudi was derived from these two names - good to know ,1
@Equestrian90 Why do I get the feeling that this girl is you? ,1
@lizwicker28  are you awake ?? yes i know irs early but i cant sleep ,0
wow i just watched the MTV movie awards on there website. poor Rob during the kiss i hope that was all intentional   ,0
is getting her hair dieddddddd. i miss my baby ,0
@CaraNScott AWW 5ME I miss you too! I wish I were there  Have you had any CalPis yet? Drink some for me ,0
"@crochetgal Thanks!   I like 'em, too!",1
 MOT didnt go v.well,0
@denkc for reals? ,0
torrents are taking foreverrrr. why is it so slow  fuck you youtube for halting my tv watching.,0
man!! oh wellthis was wasted gas...i need a life and a new place of residency....Tay + company = me and the sofa.... ,0
Has a really soar throat!  it hurts to breath n swallow ,0
"@meintwitter I was just teasing you   I didn't think that joke was that funny, but &quot;you&quot; didn't make it up anyway, now did you?",1
wooo chix rice! ,1
i miss my baby in japan ,0
"@cmartini86 Yeah, we didn't see a lot of people!  it was just a bad week to come, I should be back in a month though! hopefully...",0
@Cup_O_Hurley you follow kevin too ,1
is back from the drive in--both pretty good movies ,1
good morning..i woke up to my boo leavin me  wat im i goin to do for like 4 days??? im miss you already,0
@cksolutions  I guess because they still don't have basic stuff like social bookmarking. Can olny share by email. Still love picasa ,1
@mileycyrus http://twitpic.com/6shtr - Which Myspace Is Yours ? Theres So Many? Arrrgh Cutee Picture ,1
Twitter is .... somehow borring... ,0
ugh I am literally the king of passing out early...left my laundry in the dryer in the basement for HOURS and missed a party in 2E ,0
@GirlswithGoals I'm sorry to hear about the death of your beloved canine ,0
"@MG62 Marcus, Its Raining, Again!  I hate The UK. Doing much tonightt?...",0
"Sweet dreams all.  New week, and I'm determined to make it a good one!!!!!",1
"@Poison__Pixie a lot of peeps say they couldn't live without iPhone, me being one of them ",1
i want more cashew nuts but my braces can't handle it anymore *stares at the cashew nuts* huhu ,0
"@jamie_oliver omgosh i've always luvd ur cooking shows and stuff, esp the one about Roverem that was cool.... ",1
@pedroaugusto that was uncalled for ,0
@amytheallen no... 19  I'd assume they'd check if I actually DID win something,0
getting ready for work...I'm tired of smelling like fries and looking like I had a fight with a milkshake!! (No not McDonald's hun)  ,0
@fanoftypography No problem ,1
"off to the co-op to buy dinner. rice, chicken and white wine sauce i think ",1
"Sara graduates on Thursday, I am sooo not ready for this!   I don't want her to grow up.",0
can go home now  YAY!!!!!!!!!!!,1
my replies are soooo slow!!! ,0
On the plane 2 spain  happy days.,1
im annoyd they hav blocked fmylife on the school computers ,0
I love the theme song. &quot;It all started with the big bang BANG!!!&quot; ,1
@jonghwoo Maybe i should drink couple beers then!! ,1
"That's why I'm easyyyyy, I'm easy like Sunday mornings ",1
@Jlloydaloha what pool did you crash jason? ,1
"@savapl Haha, ohhhhh! My silly brain couldn't figure it out. Sorry  Thanks for posting the pics! And yay for lil' flower bulbs! What kind?",1
This Old lady in this movie is SCARY lookin ,0
"@TxOxOxTxS Ah right, crackin  I was thinking wholy shit - wild! ha! Omg did ye??? Pmsl thats awesome! I ended up on the sofa @ my 18th lol",1
@LisaAucoin just had a tooth shatter last night  Nothing new otherwise. Loving the summer schedule lol Talk soon!!,0
@fwanc How did your test go?  Told u I'd ask. Hope you passed love.,1
Is waiting for first night jitters to set in. And looking forward to going to wdw for a week starting Sunday! ,1
last tonight show with jay  looking forward to conan ,0
doing online learners test ,1
@thenewbnb @shivaranjan @arjunvj waat lag gai pairo ki!  hopefully I'll be able to run soon,0
@OnlyQ NO!  $%@#$ People on MMO forums are saying its taking from 2 days to a week! wtf? So much for playing this weekend.,0
@GirlTalkNYC love ur show and ur name. ,1
has been cheered up by a phonecall  and can't wait til tomorrow  ?,1
@vautrin tis' cool..I still stand by my former proclamation! I'm just stubborn that way! #rebellioustwitwhoknowsacoolcatcook lol ,1
@JeepGirlYJ94 I broke my arm ,0
@mikegentile hey stud. go figure you come to the land of whores when i am gone in the bahamas ,0
is up north with kyle till tomorrow  sun burnt.,1
"@y0da it's great, cheap and very easy to mount. no vibrations, but of course a HD is never completely silent, need a SSD ",1
"@courtneyjoy Hopefully, my future phone.  But I doubt it. It's a high-end company, so it will likely be 3 or 4 times more expensive.",1
Its pourin wit rain... N my clean car is parked out in it ,0
@ijustine #gimmefailwhale  thx. ,1
"@MissDangerMouse Hell yes!  Where have you BEEN, man?  You're never on AIM anymore. ",0
"Bonjour, jet lag. Awake so early I heard the NY Times hit the front step. That's bad ",0
Another vomit at 4am. A whole load of cuddly toys got it. Glad I live next door to a doctor. ,0
@LisaHopeCyrus well i will have to goo soon ,0
"@pinheirokde they're cool, you're really skillful icondesigner so keep working ",1
@vaslittlecrow ive never heard of that b4 either... i think i'll pass on the receipy for now tho... thank u tho ,1
owl city is playing at chain in october too bad im not gonna be here for that ,0
I already miss my bear. ,0
@beyongolia watch out for the pigs heads today ,1
"Ugh, after spending the night at peoples houses so much, just being at my house alone is rrreeeaaallllyyyy lame! ",0
@amandapalmer http://twitpic.com/63ocn - That is so cool ,1
IS about to take my Daddy to the AirPort ,0
"@mallybeauty Can. Not. Wait!  I will stay up to see what goodies you bring, since I am still waitlisted for you TSV.  ",0
good morning  got a midterm and a quiz today..all in the same class. Not excited but i want to be done with it already,1
"@KateMaxwell Not wrong in the slightest. That's a true broad.  I would also like to make out with her, to suck the smoke from her lungs.",1
off today and it's supposed to rain wtf  just my luck,0
I just read that peanut butter helps you lose weight. It makes you fuller so you won't eat unhealthy things.  Me likey!,1
I'm emo because I can't be part of demi's music video! one of the saddest days of my life ,0
In a period of exams days are for study and nights for study and sleep... no funny time... ,0
just joined checking it out ,1
watching random angels videos i have favorited on youtube. i will never get tired of hearing @DavidArchie sing this. ,1
Saw Walk the Line tonight.Never heard much Cash before.I could definitely appreciate this.Why do I only &quot;discover&quot; artists after they die ,0
@BattsLM Youre welcome! ,1
Im UP..Good morning everyone ,1
@lexiphanic Awww too cute my lil Greggles.  Miss you too.  We didn't have a final Feist dance ,0
@6 doin fine relaxin at work... Hardly working ,1
Funny home videos....... Wah........ Lonely ,0
"ahh, too much work!  im gonna have to skip walking home for lunch to watch cartoons  ",0
disappointed  signing off,0
@Rohan_01 You know..it's really sad that u know that ur classmate don't care about you..        sad memories T.T,0
@streetkingpin  wish I was there!,0
Can't access Google in China - BOO     Guess I've gotta us MS's new www.bing.com  meh.,0
@littlesunflower happy bday have a good day  x,1
@wzzmypantz 12 hours + on doing 3 of my assessments which is due tomorrow ,0
@meltjong then maybe you should watch hell's kitchen too. ,1
well done http://www.nationalrail.co.uk/ doing an excellent job yet again ,0
@dougsky I will have a look when I get home! ,1
just woke up...feelin a lil better  &lt;3,1
"@forcystus arrrgh, at least you got into stats.  i failed diagnostic exam so i lost my spot. ;_;",0
@speppers welcome back ,1
"RIP Gillybob and Frieda, you guys were good companions. No other fish would've understood me as well as you guys have. ",0
@iamjonathancook WHY ARENT YOU GUYS COMING TO TORONTOS WARPED TOUR DATE ?! same with atl. whatta dissapointment ,0
@ramielemalubay Okay!! Thanks for your reply!! ,1
@TeenVoices  Welcome love what you guys are doing  Check out http://www.chelseamakela.com,1
What is common between Chidambaram and George Bush  http://news.oneindia.in/2009/04/07/sikh-journalist-hurls-shoe-at-p-chidambaram.html,0
watching lost and then i got to v=cover 150 pages ,0
"@kick4jc Ah, Wayne's World. Classic piece of fillmmaking right there.  ",1
"@iantalbot If something needs pluckin, I pluck it... ",1
Must go meet a couple about a wedding now. bubye ,1
"So I just watched the video by taylor swift &quot; you belong with me&quot; it's so cute, but happy ending don't happen that often ",0
why won`t you stand by me ,1
Cant Believe Nadal out of French open  but I am happy - Federer its ur turn now,0
"reading a few chapters of choke, sleep, work. i still feel like shit. ",0
is going to &quot;the school dance&quot; with Phoebe  Oh! My! God!,1
should be doing uni work but twitter is better ,1
@kielley24 May sections na? ,1
@mustberae hahaha that's fresh! I gotta get back on that r&amp;b grind now ,1
Ass of a mosquito bite. ARGH. It's bleeding ,0
@hellzballer You are nonsensical again. ,1
standing on a train platform at 4:30am the things I do for my friends.... and green day.... and me ,1
"just used my new DevaCurl diffuser! LOVE IT 5 stars! not liking my new hair cut though, a little too short ",0
exhausted and I have a brutal headache ,0
@morrissey2637  Ah right!!! i dont even know whats going on there!! i sooo need to read the news ,0
making my first home made vegan dish! Tofu Quiche with leeks and asparagus! Hopefully it turns out GREAT! ,1
Why are my followers fluc-tu-ting? should my tweets bring more bling? ,0
"good morning!  so very glad i'm not hungover from last night (hooray for hydration) and oooh, there's coffee in the pot! ",1
@inkedveggie yeah me to ,0
"@dizzyglitters yes, but.... Smile  cause ima going to come see you next year!!!!",1
@bethyesterday I know the final project is amazing because you're amazing at what you do! Thank you so much! ,1
@thatsonuva Congratulations- GIRL- So happy for you ,1
Yay the weathers blazing hot and sunny in the UK.Time to get some rays ,1
Eating arugula strawberry almond salad ... Its fun to say berry ,1
R.I.P. Sidekick. You've been through quite a lot with me ,0
@TwittleMissBig Im getting my drink on ,1
Getting ready for ABC 36 News---Weekend edition! ,1
"It was verry nice yesterday, she is still here, she is going around 5 PM, I will miss her ",0
Ok so everytime i read twitter i so want to be a superstar ,0
@ginoboi and @monicafrancesca's fans! join Gino-ism and F-unit! hehe! fangirls and fanboys unite! lol ,1
"It's 8.40 am, and I have already finished my first half hour of work. Don't know how I did it, brain is still half asleep. ",0
@veropperez awwww my poor muffins i had to make those and i didnt make them for the cat HE TOOK THE WHOLE FREAKIN BAG and ran away  aw man,0
its going to be perfect says he. ,1
Go in the shower ,1
"Writing an impossible research paper that is taking about 5 hours, more like 7. Dreading the other 2 essays I have to do nexttt ",0
Tonight I will be drinking and no I won't be driving. ,1
"Hooray! The rain's back. Feels like *my* Cardiff again now, not some parallel sunny universe ",1
Is at home. Bleck. ,0
Clay just tried to eat a wasp. crap. should be a good morning...tonight is what's it about ,1
is at youssef towers ,1
be sure to tell your Mom you love her and thank her for putting up with you! ,1
@opensearch ë³ë§?ìì?ì.  ì¤íë ¤ ì¤ìí ë´ì©ì? ë§ì?´ ëì¹ê³  ì ëë¡ í¸ìíì? ëª»íì§ ììë ê±±ì ìëë¤. ë¤ë¥¸ ë¶ë¤ë? ë§ì?´ í¸ìì? ì¬ë ¤ ì£¼ì¨ì¼ë©´ ì°¸ ì¢ìì? ê² ê°ìµëë¤.,1
"@pursebuzz Finally someone admits it! Storyline is unique, but once it was over I felt a little gypped with the casual/nonchalant ending. ",0
@MzDeDaze no i havent ,0
@LADYRUMDRIK it's the swine..... lol  im sorry ur not feeling good mamash!,0
I guess @mikeyway mad at me because my message to him.He made update a little .I felt guilty myself about .hope im wrong about my thought ,0
"@SeanMarler no, no I can't ",1
"ow, i can't move my neck or my back   hurts too much and i don't know why D:",0
Going to chrio then for blood work blah I hate being sick I've felt gross for the last month ,0
@Cause4Conceit And I luv it!! But I'm very hurt that only Sam Goody had the album in my city and they sold out!! ,0
@PaulaAbdul are you bored of Twitter yet P? haha  xoxo,1
Went to a bbq at Janet's.   Out of the nuggets loop but think they lost due to facebook comments. ,0
Enjoying the public holiday .... at the office ,0
My brother must hate me. He didn't answer his phone  and he didn't call me back. Either that or he's sleeping or at work. ;),0
"@RetroRewind All the songs I wanted to hear on the 12 hour.  You have been chatting with Jason, haven't you! LOL ",1
@plainbananas Italian ice cream? Ohhhh.... want that with my cake! ,1
@leonakimeera thankies ,1
@ChristPA I really don't wanna be a vampire loving tween ,0
@bpasko I'll see your Burgerville and raise you an Annie's Parlour milkshake out on the deck. ,1
"Soooo, song of my night - beep  by bobby v.  I miss my mommy.  . But i will be w/ her in the a.m . Jimboy's was on hit tonight !",0
"@RenoJacy Wow, who doesn't love me? Mama doesn't ",0
@xxandip Love that bag......!!! Enjoy the gym and your pineapple ,1
day 2 w/o my iphone is not goin so good ,0
Is sitting in &quot;the little chairs&quot; with meg-f-f. I looove the beach just when the suns going down. The boooys are coming too! Yay ,1
In art class painting a Hannah Montana picture!! &lt;3 and hanging out with Leslie and Marlene! ,1
"@JasonBohata The question of what to call your Hades. (Sorry I'm a bit late answering.  My book is set in my own Underworld, but I've put",1
@astrishabrina susah emang long distance ituu. huhu. aku juga ngerasain ,0
@iAMkRiKri That sounds cool! As long as you enjoy your birthday ,1
@DinaAIE  sorry your saturday is not shaping up to be the best,0
@Leloz that he's a gentleman and that i need to go see a doctor ,1
can't find anything nice to wear to da beach ,0
@DesMouseasaurus  What happened?,0
Time for a shower and then the Timshel Book Club mtg.  Love online book club party time. î,1
"I prefer Mindjet MindManager to FreeMind, boo ",0
"@Personal__Jesus no more ben  it will be a bittersweet show, will you be there?",0
"@jazzt Awww yeah, I think I may have seen that... I'm not sure. But AW! ",1
OMJ... my birthday is in 2 weeks exactally! :/ im not ready!! and that means summers almost over! ,0
@AndrewKungPhoto  nopers... dreadful I know.,0
@chloemichelle15 Yeahhh :'D I can't wait!â¥ â¥ But that's way in July ,0
Twitpic on twitterberry's not working. Says file type not supported. ,0
Ahhh leaving the crazy country house finally lol ,1
"Oh, arse! I missed the launch of SBS Two! ",0
"@alyxayer  and @richbello ... hey it was a player from AKRON!   I hope you guys thought of me, haha, it's okay I know you didn't!",1
just finished bade..... surfing online... nutn much to do ,0
@akadominic I agree... I'm home on a saturday night doing hw... ,0
@stewpatty Be nice  We don't want karma to bite us back;),1
"@virtualmarketer thanks! ~ I just miss them, cause they are at work.... ",0
My nose got sunburned &amp; now its peeling. Ewww ,0
@imcute519 grr I know!!! And especially m/u tutorials. It's like damn! I just put all this on for no reason ,0
"As a reward, you may download a free copy of EmailUnlimited on http://www.4officeautomation.com ",1
Mom has Elton John playing so loud that the windows are shaking.  (via @photoboy),1
Its unatural to play a game thatlong. Goodnight. Im really worried about channy ,0
need back up....u dont get t...i was busy when i wrote t ,1
@hazemtaji Did you buy a PS3? My xbox360 got the RROD ,0
@GinniferLoraine HAHA I just finished watching Hannah Montana too ,1
"@gruenlive great, thanks! what'S the livestream? which workshop am i watching? ",1
"@ShiGirl2224 Shout is the only thing that gets stains out for me, try soaking it over night ",1
Just finished with Dairy Milk for second consecutive day.. yumm... and i still ve one more Fruit and Nuts staring at me..  nyum nyum..,1
"Bah! Exciting stuff from Kimi, wish he wasn't full of fuel though  #f1",0
"@lenartr I use Y!Pipes to personalize my RSS feeds; but sure, this would be a good option for &quot;normal&quot; users ",1
Never went 2 sleep...  and i got class at 2... i need 2 do dis homework...errrr,0
@TosynB sorry boo  who's wole bucknor?,0
headache still not lifted. additional symptoms. looks like pill-popping all day ,0
loving the new tat but hating no pool for a week ,0
@DKHOTOPIC @YoBoiNewnue---- OMG ya&quot;ll are so wrong!!!!!!!!!! LOL I would NEVER!!!!!!!  NO Newnue No!!!,0
"I'm up late, drinking pineapple juice from the carton and fantasizing about moving in with Matt and what to name the cat. ",1
*Please upload photos onto the FB FORMAL group* ...pls make my life easier ,0
Great iam geting sick  takeing a sh0wer  (DIE OR DANCE),0
@jennmarie226 jealous I still have like 100 and something - and they havent even announced dates ,0
is really hungry after not taking afternoon tea to work today ,0
@harmony341 yeah went today and had blood done ..thanks for asking  hows u ?,1
@xnausikaax oh no! where did u order from? that's horrible ,0
@warmwell When I dole out the bread the big guy is always in front of the queue ,1
"@icedelosreyes don't underestimate my flexibility =p but my balance, hmmm... not so good. sama ka? sa valero lang siya ",1
@csinger4ever I am lost. Please help me find a good home. ,0
is going to be so sad when her friend moves back to Land O'...especially since I can't drive until Aug due to this bum foot ,0
@mitchelmusso Mitchel you have no idea how much I want to call you!! but it costs loads to call from england!!! ,0
wants to go to Disneyland! ,0
is really taking life hard right now. ,0
"@RoxanneAmelia thankyou  I'm having a meal today and then going to the cinema, I'm having a party on the 19th after exams are over  xxx",1
@KatyLinda oh no  i thought both would be cool - guess i'm not cool w/ the 4yr olds lol,0
@vindyeay boleh boleh hehe thanks loh ya vin ,1
this is my 1st tweet ,1
@MissMarty  on a day like today I'd have loved that!  I only got to my lunch at 430 today ,0
"@mzsullivan oh no,damn trck ball, mine just stopped a few days ago, now its works. The machine(minds of their own).But I am the Matrix. ",1
It's official....veggies taste best hot off the grill in the summer! ,1
@shellestafford Woo Hoo! There are quite a few of us meeting up for the dinner in LA. ,1
@_misshannah damn you !!!  that's properly unfair!,0
"ooooo that sandwich I had just isn't sitting well.....Haven't felt good at all today, shouldn't of eaten ",0
@AnditisLiz awww thats cute ,1
Fast Food For Lunch! ,0
BYE EVERYONE. ,1
@humhow http://twitpic.com/7dect - HA!Found it! and you! Not a very cute pic of me though.   Looks like I am wiping your nose! LOL. Ha ...,0
"Hi @janith, thanks for following me. Can I suggest @brainstormnews to you? I think that might be of interest. ",1
"hmm, long day i must say.... eating in a bit  then helping my grandmother window shop for a new fridge lol",1
@breatheheavycom congratulations  5 years and still britneys biggest fan keeps going lol,1
time for a Sunday afternoon nap!   #fb,1
"@EP31 Ok, you win on that point. ",0
@elliotmacaluso I opened.... without you ,0
@mariedancerr that songs on tays vid  katy perry.,1
Off to NZ on a public holiday. The first lounge has it's advantages mind you..  ,1
"Spent evening looking after suki doggy shitting herself everywhere, falling off the decking into ditch and whining &amp; running into things ",0
@Sadieozdesoy hopefully i'll feel better by tomorrow  i might have strep,0
Live tweet streaming on #Sytycd .. I miss Dena and Lisa ,0
im getting my wisdom teeth out tomorrrow ,0
"@tommcfly tom,i'm freaking out..please reply me! i miss you ",0
@daysdifference haha I love Cranium!!! ,1
embarrassed. reality check ,0
@martinbrossman Sorry to hear that Martin   Give her my best!,0
Exam over. Barcelona tomorrow. Just finished packing... well my kind sister just did. ;) I WANT TO SEE BRUNO! ,0
i still don't understand you n what is going on (sigh) esp w/all ur confusing &quot;i miss u crap.&quot; i am pissed n in love w/u at the same time ,0
"I just wanna fall asleep, why do you call randomly and mess up my brain process for a night?!! I just want my serenity back ",0
Watching naruto and josh stole my fruit snacks ,0
gosh i miss junpyo!  gotta hit quiapo for the the BOF dvd! LOL,0
"@alisonrothwell Hi Ali, I can only DM you if you follow me  sucks huh? PM me through EKM if you like. Gaz",0
just visited some of my relatives... it was somewhat fun... i got to spend some quality time with them. especially my granie from Manila. ,1
@blipfish Re: Current Jam. @foxvox you nerd ,1
"Just got my nails done and in two says ill be in Brooklyn, cant wait!!! ",1
@miraclelaurie congratulations on dollhouse season 2  i can't wait ,1
Up an idk y ,0
@undertheground ,1
@JosephLane sorry to read about your grandmother's passing. ,0
At work? On your lunch break? On Twitter again?  Add @Gingernyc - Let's see if we can break the 1000 mark by the weekend!,1
"@babygirlparis you watch lost all you want, but god knows you will never get it! ",1
@fallenstar_ Yeah it is! Why haven't they put the grey one up? ,0
@DocDamo I shall inform @Yadnomis that I must be taken out for a curry once a week on your good advice to prevent Dementia! Result!! ,1
God give me the strength to get up and go to the gym be4 work! Goooodnight ,1
I am not poorly sick like @loobydo but I am not a happy bunny - I ache ,0
"@bookiemonsternz  any time you like.  When I have transport.    But no prob.   I'm in this business for the fun, and wine is a bonus!",1
@natalietejeda sad punky sad    thanks for stopping by,0
"#followfriday @RyanHurst @Disklabs - Both computer forensic based tweeters, who also tweet socially. Intereting and amusing ",1
"Right, off to work  Only 5 hours to go until I'm free xD",0
at my home with jamie kaliegh and patty ,1
is waiting for the everton match ,1
@cross_harps I didn't read the shoulder bit (so I can't know! haha) will start searching Viggo at toes and work my way up ,1
A lot of people are auditioning for millie! Exciting  i hope this summer will be as good as last.,1
@YellowHail  your picture is so small,0
@__DR__ Once Dan emails me back from Vegas I think he will get us a cabana for free ,1
@nokking kino sold out already. Popular also. Borders said they're not sure if they're even able to get copies ,0
is sat by herself  because her time management sucks!,0
@JasonJMikeMgmt  just makin sure you're alive    Ur silent today!  Just sayin Hey!!  See how I miss you????  ,1
@nanashambles the truth is aku ga tau caranya add contact ,0
@EricsTXGal *gives ya a little extra kick for the day from JenBitch* hopefully that helps! ,1
goo things are happening - uni is giving me money owed and DSA confirmation came today ,1
"@Sirjohn_writer Catching up on my work, and yes, spending time with those important to me. ",1
"@mrzlx ??? ?? &quot;????? ?? ??????????&quot;, ??? ?????? ?? ?????????? ",1
finally saw Star Trek - it was awesome! hot guys + cool action + interesting storyline = great movie ,1
@CarloHilton evil wish i was home now im starving lol yeah today was awsome ,1
@verabradley I love my Cargo Sling purse in Daisy Daisy!  I wish I would have gotten another one in a different color! ,1
staring at tweezers ... my life is so exciting ,1
@BBManik naw  are you!?,0
"@RedGoiBoi please, i got the feet of a new born baby ",1
@unworthysaint Are you having fun? ,1
@cjredwine @vg_ford Very soothing and unobtrusive to write to. I like it. ,1
"@marcrobinsone yes, mission accomplished! hay marc, i can't believe i'm liking ubuntu! hahaha ",1
"this DJ has a thing for JT lol.....having a great time with my cuz but I keep thinking of HIM  *we could do it real big, bigger than y ...",1
@DaisyKary I won't be in up north until 15 th. ,0
Sore as helllll... :/ Mothers day though. I'm not a mother... No presents. ,0
"@abba_ks @suzzzanna I was having awful dream that husband &amp; I were getting remarried, but everything was going wrong at wedding. ",0
@johnhalton Certainly is. I love Charlie and Lola ,1
"@LchangetheworLd Hey, thanks for following me ",1
@syazanaa I'm hungry la.  Healthy food is SO not satisfying.,0
Time to sign off for the night! Everyone have a great one! To all the mother's out there &quot;Happy Mother's Day&quot;  ,1
at the most bro bar ever. no i don't want your jagerbomb &amp; 1 polo is plenty ITS WARM OUT.  ,1
God damn we're all quite emotional right now involving NIN.. it's probably good I let some of it out at the PA show. ,0
@caldjr aw hope you feel better soon ,0
whoah. i'm starting to miss him ,0
can't wait till Sunday tweets this is gonna be good ,1
@andysc Probably just different. Welcome to proprietary driver development ,0
"Been working hard. London had glorious weather, came back to Kent and it was raining ",0
"Meeting fail, nothing resolved. Going to be a rough week ",0
@missamander alright now get that pic up on facebook! ,1
@RoodKid Ahhh  I loves you too david!!  xxxxxx Miss You ,0
@somanybabes ARE U WORKING TMR?!? shit cathay shutter very heavy ,0
"@SSnet dope track, but no download? ",0
Laying back down ,1
Up since 3:00. Going to be a looooong day. ,0
"Election is going bad  Go and vote, what he hell is wrong with you?!",0
"had a &quot;follower&quot; get suspended.  Thanks for the weirdos, Bob ",1
This person behind cough like crazy on me. I hope I don't get the swine flu. Pray for me please. ,0
Finished the last of the 7 seasons of 'Gilmore Girls'. Miss the Lorelais already. ,0
"oh man I read all of your tweets of Jon and Kate, you guys were right, this is tragic sad.  oh man",0
@standtrooper  ...I have a good fiend who is also an awesome ATL artist  and worth some follow love  enjoy @clow2ground,1
oh my goodness space ace and dragons lair on the iPhone  hello more non-productivity.,1
7 killed in Tehran yesterday? http://edition.cnn.com/2009/WORLD/meast/06/16/iran.elections.protests/index.html  #IranElection,0
"@JBMovies Come, come - surely you're not repeating the canard that &quot;indie&quot; and &quot;cheap&quot; are synonymous? ",1
AWESOME PRESENT!!! Cyn got me the coolest early Bday present EVER    http://twitpic.com/6e4wf #chuck,1
just woke upp .... wanna go back to sleeep ,0
"@cessii DONT YOU DARE CALLIN ME A BITCH, BITCH  and btw i said i would CONSIDER it. it doesnt mean im not going!! :O",1
Preparing my official resume today!!!  Welcome to the Real World!!,1
stephen just exploded my lemony water ,0
@TheRealJordin i know exactly how your feeling  Im curled up in bed right now witha hot water bottle. NOT FUN! haha hope you feel better x,0
@bewareofabkco someone left a baby in a box in phoenix yesterday. sick fucks! ,0
Hmm spent hours with emma yesterday and a couple with Sarah today so why do I feel like I haven't seen them in ages ,0
is thinking that laying down sounds nice....but I don't like the idea of sleeping while Dave flies over the Atlantic.  *sniff*,0
Take that back :O the Punk version to Rihanna's Disturbia is awesome   ... better than hers &lt;_&lt;,1
Good morning world. ,1
@lindseliz tweet tweet! why can't i write on your wall? ,0
Our red tail hawk has to go to a rehabilitater now ,0
 niice day&lt;  ?,1
Hopefully this afternoon I'll be able to go driving after work. ,1
So hiya! I'm on Twitter! ,1
Had so much fun last night. It is a night to remember.  So tired now though. ,0
@justen_fong you fail  but i'll help you in math12 next year ,0
So upset that spring break is like over ,0
@smile_o3o  I am going to be at your graduation!  I'll look for you at the reception! ,1
@JackAllTimeLow I think I'd enjoy it more if it wasn't so smoky  but we'll probably go!,0
@InnerWizard oh thanks so much I love your sight I favorited to go over it.  So positve ,1
ok home now...just got some smart start &amp; special K strawberries &amp; yogurt cereal on sale @ riteaid ,1
@HungryHippo13 ok we will  Ross and Dee make history  All my friends call me &quot;Dee&quot;,1
@Tharomas 24 ,0
Just finished Day 2 of 3-day retreat. Good content but no web access and near north pole. Have to drive car instead of cycle ,0
huhu cheffin ,1
"@Juuuuls yeah, we won't that. maybe he won't hug me anymore, if he finds out ",0
@jayaugust /me too! ,1
"@taylorswift13 OMG Taylor is so cool. i love you, always be FEARLESS ",1
all i can hear is frankie singing  !,1
@savvygrl Eww.. That looks gross... I am guilty of still eating fish... ,0
my cousin just danced! whooo go morgan  She did amazing,1
"bearly got home   ugh need to wash clothes,shower,sleep and wake up early for summer school :@",0
@mileycyrus i think youre amazing  your my idol and would love to meet you one day ,1
"@KayluvsChrisM Pleasseee, I need it ",0
@JL_Anderson  Me too.. I'll try that next time. ,1
@Liinduhhh are you serious biff ? ,0
Well the sun is shining and I'm feeling guilty 'cos I've neglected the garden. Seed sowing and weeding today methinks ,1
"chelsea best show everton whats good, im dreading the barbers if they don't ",0
is getting on with work and looking forward to the evening ,1
@anthonyrojas okayyy phew. didn't wanna be alittle cr33pst3r there. and thanks ,1
At the gym. Pup is okay but needs eye drops and week off daycare for leg. ,0
Campari + orange juice...what can be better? ,1
my sister woke me up at like 7  im tireddd. i hope today is fun...,0
"@ferric Well, both the big Y! and the big S are treating me well. ",1
"It's so nice listening to the rain on the roof it's really hard to get out of bed. Oh well, suppose I better... ",0
@JoeJGirl2009 Oh... cool... standing out... ,1
*twisted.. gahh studying is making screw up my commercial ,0
 à¸à¸¹à¹?à¸à¹à¸à¹ hitech,1
"@macmuso but mainly I'd just like to be able to really work on my music (being sick's not helped =P). but it's for work, so I'll be paid ",1
on my way to work.  ihop tonight with ezelle!,0
@Padt Maintenance: You're doing it wrong! ,1
BB  â¥ I think ALL the non housemates should be voted off tbh.. then should be replaced by lots of fitty ladss  ;) haa!,1
@soapylove But the pain for me got a bit much. Going to try again though - I've already paid for it ,1
@sneadon whats crackin dude?! Everton for the FA Cup? ,1
"@PaulKCMF I want to kill the ex at the moment, but I'd get in trouble for it ",0
her bib says it all   http://sml.vg/cgWgSV,1
I love this kind of weather ,1
"Don't like killing my own kind, but tha git wouldn't shut hs trap! Now ta drink in peace!  almost wish Dru was at my side. ",0
"I'm at Frankie &amp; Benny's in the Xscape, Milton Keynes... enjoying Chicken Carbonara...  - http://bkite.com/07XYr",1
@StorySeeker Hahaha! That is just too funny! ,1
WTF?! no pounds lost since I stopped the lemon diet!!!!  sux....,0
"had tons of fun with shelbs, mal, and tay last night!  timewellwasted?",1
picked out my glasses!!!! ,1
@FoxxFiles Wow 5am? LOL I guess u start ur day early? I can only tolerate their sweet tea ,1
"@noangelvfc 5 hmm. O yes, McFly, it's more ha, but eh doing it on twitter DDDDDDDDD I'm cool. O I shall tell you later ",1
@jiggalee obv i can't call you bc i lost my phone ,0
"@GavinOsborn yeah, I did ask for him to be banned ",1
@dannygokey At least you had some rest. ,1
@rhysamos Mercy/austin hospital taken from Heidelberg station platform 2.  And it's a great time not to be at work ,1
Bigger! Bag broke jumping onto tube which then trapped my foot! Almost lost my flip flop ,0
Lets make &gt;&gt;&gt; #echelonday a Trending Topics! ,1
MTV awards are not on in my area ,0
@meeshly why r all good things depressants? lol. the only times my mood swings madly is during r'ship issues. i got reminded of it today ,0
has been driven indoors - away from her bedding plants - by the rain  ,0
yeah Twitter is back to work after maintenance ,1
Who is going to the Online Fashion 100 party tonight in London? I am invited but nobody to go with ,0
On the phone with my baby. I miss him so much. ,0
@hansonmusic I wish the fan event in Tulsa was NOT during my college graduation  miss you guys!,0
"@armadaboard ??????????????? ??????, ????? ?? ??????, ???????  ?? ??????? ????????? ??????.",1
@nb42 totally agree #publicbuspool that is the best when it's only your colleagues around! hate it when it's raining on Hosur Road! ,1
@JenniferParekh  @tylerwalea @ashleytneil @ken_zee I may be making a special appearance tomorrow evening... Stay tuned ,1
@DineandDish VERY random. Makes you wonder why...especially at 8:00 in the morning. You must be hard to forget ,1
"After security scare, we're now forced to sit in locked office  not doing much for legit visitation or air circulation. Dang thievery!",0
"To atascadeo! Again for practice  text, tweet, myspace.",0
@justkaty I blame josh &amp; bff ..she was sick earlier &amp; so was josh ,0
@Jason_Manford figuring that out has just ruined my childhood. ,0
"@potentiate My wife told me about the green avatars yesterday, but I didn't get around to doing something about it until today. ",0
@MESTiZAMAGANDA take more pictures of your hair please ,1
the phils lost and brad lidge blew a save ,0
so bored! ,0
"@kathyIreland LOL, I did too for awhile...but its FREE PC to PC, low cost PC to phone. Take care, safe flight! ",1
I don't feed into bullshit.... Sorry  awwwwww what a cock succer !!!!!!!,0
"At home, and bored as hell. The Lakers 2-2 ",0
"@NinjaLikesCheez *tears* video games = death.  @damnELECTRIC if you send me the money, I so would, but i'm hella broke and up at 2:15am.  ",0
@WearTheEyepatch oohhh no &lt;3 love you. Good luck with your exams can't wait to see you during summer  x,1
one month ago i was the most happiest person.. n now.. ijustwannadie ,0
@flmogirl so glad to see you this weekend!! It had been too long!  Hope you had a safe trip home!,0
Pity my cat. It's too warm for him. He keeps hiding in the shade.  Must suck to have fur on a day like this.,0
It doesn't seem to matter how many times I see that movie it always makes me smile and giggle.  Party on dudes! ,1
Not feeling so good  so a really lazy sunday today!,0
@radosko He was so sad...tried to hold back tears at one point. ,0
"Waaah, asshat at CVS yesterday shortchanged me  I paid 10$ for chips.",0
reading a novel ,1
i am in texarkana. think my computer has a  virus  . i've been tweeting from my sis' account @tanyaka. her page sucks!,0
"is SO close, but SOOOO fat away ",0
@bignatewoods  Well Leigh was @leighmathews but maybe she gave up.  Boo to that.  Welcome to the twitterverse!!  Have fun! ,1
@dustyedwards mornin' ,1
is back to work!  #squarespace,0
Watching the Naruto Shippuden Movie 2: Bonds with the hubby while having dinner   Yeys,1
@katiemcdee everything a-ok! (Just our heart rates up a bit and the cats hiding under stuff.) ,1
"@realangiejolie i can imagine how busy you must be. i'm somewhat busy/relaxing myself, just here and there, still enjoys life though! ",1
@tjp LOL! PS. Congratulations on fitting both your head and your foot into your avatar picture  #nosmallfeat #punlowestformofwit,1
"My hands are swollen, very weird. I don't understand why they have counted our ballots yet, they've had 3 days!  #eu09",1
"@Vickeretta Nooooo, i reckon Alan likes it. It's different, it's a risk - he likes risk takers. C'mon Yas! ",0
@joykb1124 Basically a loans officer at a &quot;pay day loan&quot; kind of place ..but they're growing and hoping to be a bank within 5 years ,1
feck i heard. ,0
Coach B I just saw ur msg you were n okc!!!  4059239095!!! Call me sometime,0
@Bathbad I'd like to think so   And we haven't forgotten you really ,1
"crappy day turned awesome at work, only to come home to discover that my chico dog is sick ",0
noooooooo movie6.net is being shut down due to 'legal issues'. ,0
and now it's raining again this side of Manila....where's the sun????... ,0
http://img117.imageshack.us/i/windchimezp4.jpg/ lol going through my imageshack.. i dont know where this wind chime is currently  sadface,0
caved in and bought some iphone apps... sally's day spa? sally's hair salon? omg... im such a sucker ,0
going to blue sky  then coming back and cleaning..cant wait til thursday),1
i feel like i'm still in 7th grade. i hate this leveling up thang. if only we can just fail schoool &amp; stay 7thgrade forevahhhhh ,0
going to be a good service this morning... ,1
my jaw dropped while watching the New Moon Trailer.Taylor Lautner where are you?! lol  cant wait for november to come! why cant it be now.,1
@zadr I want to try it sometime with an actual keyboard ,1
@chriscuzzy Mermaids are almost extinct and should not be kept in captivity. And that's Disney's fault! Or so I heard! ,1
"@1225491 That's SO not cool  I am sorry for you. As a Portuguese-Canadian woman, I would like to offer my apologies for her.",0
@beesknees42 Set the clock ahead two hours and make him think its later ,1
reading twilight again... im not a psycho fan but i love the storyyyyyy.. will be watching teh movie for the 11th time again later  ,1
"@hipattack yeah, not good. ",0
"@hannahnicklin Aw, sorry to hear that  And it seemed so full of life yesterday! Tbh the USB went on a friends WinMob phone. Hmmm :-\",0
@rerunaway follow me !! ,1
@elissastein maybe not but you're still awesome just the same. ,1
i wanna take a nap nap but i can't can't because of prom hair  sad,0
@lacyleathers wow thanks for recomending me ,1
I need a hug...and less cynicism. It's making me depressed. ,0
@KendallMK That makes me sad that people would be mean to their puppy cause it was acting like a puppy ,0
"@TheHeathenMommy Awww... C'mon darlin, you're too pretty to be in a bad mood. Besides, it's my birthday today, so that's not allowed. ",1
I am craving for japanese food ,0
